﻿{"cameraMode":{"drawMode":0,"name":"Shaded","section":"Shading Mode"},"sceneLighting":true,"audioPlay":false,"sceneViewState":{"showFog":true,"showMaterialUpdate":false,"showSkybox":true,"showFlares":true,"showImageEffects":true,"showParticleSystems":true},"in2DMode":false,"pivot":{"x":-8.61863899230957,"y":13.60490608215332,"z":-4.46389102935791},"rotation":{"x":0.17674551904201508,"y":0.4914001524448395,"z":-0.10258722305297852,"w":0.8466184735298157},"size":12.986676216125489,"orthographic":false}